{"cameraMode":{"drawMode":0,"name":"Shaded","section":"Shading Mode"},"sceneLighting":true,"audioPlay":false,"sceneViewState":{"m_AlwaysRefresh":false,"showFog":true,"showSkybox":true,"showFlares":true,"showImageEffects":true,"showParticleSystems":true,"showVisualEffectGraphs":true,"m_FxEnabled":true},"in2DMode":false,"pivot":{"x":3.7700679302215578,"y":8.725809097290039,"z":5.299190998077393},"rotation":{"x":0.12792403995990754,"y":0.07934992015361786,"z":0.010268565267324448,"w":-0.9885523319244385},"size":6.0980072021484379,"orthographic":true}